jid,ss,ret,retobs,Judge Name,Court,Headshot,2013 retention score,2013 position (if different),Description/Bio,a,b,c,d,e,f,g,h,i,j,k,l,m,court,a_1,a_2,a_3,a_4,a_5,a_6,a_7,b_1,b_2,b_3,b_4,b_5,b_6,b_7,c_1,c_2,c_3,c_4,c_5,c_6,c_7,d_1,d_2,d_3,d_4,d_5,d_6,d_7,e_1,e_2,e_3,e_4,e_5,e_6,e_7,f_1,f_2,f_3,f_4,f_5,f_6,f_7,g_1,g_2,g_3,g_4,g_5,g_6,g_7,h_1,h_2,h_3,h_4,h_5,h_6,h_7,i_1,i_2,i_3,i_4,i_5,i_6,i_7,j_1,j_2,j_3,j_4,j_5,j_6,j_7,k_1,k_2,k_3,k_4,k_5,k_6,k_7,l_1,l_2,l_3,l_4,l_5,l_6,l_7,m_1,m_2,m_3,m_4,m_5,m_6,m_7,discipline
Abbi Silver,3.7,65,226,Abbi Silver,Nevada Supreme Court,absilver,65%,then a Clark County district judge,"Elected to the state Supreme Court in 2018, Silver previously served as a judge on the Nevada Court of Appeals. She is up for reelection in 2024.",3.9,3.6,3.6,3.6,3.7,4.1,4.1,4.2,3.6,3.6,,,,1,6,5,13,11,24,41,206,4,11,17,9,19,41,208,5,13,17,6,21,38,205,5,9,18,11,20,37,207,6,11,13,8,18,44,203,11,6,6,9,20,49,194,9,6,8,10,16,50,194,14,4,4,11,19,49,186,7,14,16,6,14,43,199,6,13,13,9,19,40,201,,,,,,,,,,,,,,,,,,,,,,0
Adriana Escobar,3.7,62,164,Adriana Escobar,Clark County District Court,adescobar,71%,,"Appointed to the Clark County District Court in 2012, Escobar was retained by voters and reelected in 2014. She is up for reelection in 2020.",3.6,3.6,3.3,3.4,4.1,4.3,4.3,4.4,4.1,4.4,4,3.5,3.9,3,2,10,16,8,31,33,162,2,10,15,11,32,30,161,2,16,18,10,27,27,160,3,12,18,12,27,28,160,3,5,2,16,29,45,160,11,0,3,12,25,49,145,12,1,2,12,26,47,146,13,0,1,12,27,47,143,7,4,8,10,26,46,151,3,1,2,8,33,52,160,2,5,8,12,29,44,161,3,8,20,14,25,28,161,3,7,9,10,35,36,159,0
Amy Chelini,4.4,92,79,Amy Chelini,Las Vegas Justice Court,amchelini,,,Chelini was elected to Las Vegas Justice Court in 2016. She is up for reelection in 2022.,4.5,4.4,4.3,4.4,4.4,4.6,4.6,4.6,4.4,4.5,4.6,4.6,4.5,5,0,1,3,1,33,61,75,1,3,3,8,27,58,73,1,3,8,5,27,55,73,1,3,3,5,27,60,72,0,3,6,6,21,65,72,1,1,1,3,21,72,71,3,1,3,4,19,69,70,6,1,1,4,21,67,68,0,3,7,7,15,68,71,0,4,1,4,20,70,71,0,3,1,3,24,69,72,0,1,3,4,22,69,72,0,4,3,3,17,74,72,0
Ann Zimmerman,4,74,74,Ann Zimmerman,Las Vegas Justice Court,anzimmerman,76%,,"A Las Vegas justice of the peace since 2000, Zimmerman is up for reelection in 2024.",4,3.8,3.7,3.9,4,4.2,4.1,4.2,4,3.9,4.1,4.2,4.1,5,0,8,8,4,30,49,73,0,8,18,10,15,48,71,0,13,15,11,14,46,71,0,11,8,7,27,46,71,0,9,13,3,22,54,69,1,7,6,9,19,58,68,0,7,9,7,19,58,69,3,7,3,9,22,57,67,0,13,6,9,16,57,69,0,13,12,7,13,55,69,0,10,4,6,23,57,69,0,7,7,3,25,57,68,0,10,7,6,19,58,69,0
Arthur Ritchie Jr,4.1,77,98,Arthur Ritchie Jr.,Clark County Family Court,arritchie,85%,,Ritchie was appointed to Clark County Family Court in 1999. He is up for relection in 2020.,4.2,4,4,4.1,4.2,4.4,4.2,4.3,4.1,4,4.2,4.2,4.1,4,0,6,7,2,28,56,96,0,7,12,5,27,49,94,0,6,11,5,32,45,93,0,5,11,4,28,52,94,0,3,8,9,28,52,92,7,2,1,5,30,55,85,7,6,3,8,28,49,84,12,2,1,9,30,46,80,1,4,10,8,32,46,91,0,2,11,15,25,47,92,0,3,7,7,36,47,91,0,5,4,7,36,48,92,1,3,10,11,29,46,91,0
Bert Brown,4.6,92,51,Bert Brown,Las Vegas Municipal Court,bebrown,89%,,"A Las Vegas municipal judge since 1999, Brown was most recently reelected in 2015. He is up for reelection in 2021.",4.7,4.6,4.5,4.7,4.7,4.7,4.8,4.9,4.5,4.7,4.8,4.7,4.7,6,0,2,0,0,22,76,51,0,2,4,2,20,71,49,0,2,8,6,8,76,49,0,0,4,2,18,76,49,0,0,6,2,12,80,49,0,0,2,2,16,80,49,0,0,0,4,16,80,49,2,0,0,0,15,83,47,0,6,4,0,12,78,49,0,0,4,0,16,80,49,0,0,2,2,14,82,49,0,0,4,2,10,83,48,0,0,2,4,18,76,49,0
Bill Henderson,3.7,73,86,Bill Henderson,Clark County Family Court,bihenderson,71%,,"Before his 2008 election to Clark County Family Court, Henderson worked as an attorney in private practice for 20 years, specializing in family law and civil litigation. He is up for reelection in 2020.",3.7,3.6,3.5,3.5,4,4.2,3.9,4.2,3.5,4.1,3.9,3.6,3.8,4,0,6,13,15,40,27,86,0,7,16,13,40,24,85,0,7,19,15,34,25,85,1,11,14,9,40,25,84,0,5,9,12,35,39,82,13,2,5,2,39,38,71,10,4,15,5,34,33,74,17,2,2,5,37,36,69,2,9,16,15,30,28,79,0,2,8,8,37,43,83,0,2,15,12,35,35,82,0,10,12,12,41,25,83,0,5,12,12,42,29,83,0
Bonnie Bulla,3.7,62,130,Bonnie Bulla,Court of Appeals,bobulla,,,"Bulla was appointed to the Court of Appeals on Feb. 13 to replace Abbi Silver, who was elected to the state Supreme Court. Bulla is up for reelection in 2020.",4.1,3.6,3.5,3.6,3.8,4.3,4.1,4.3,3.6,3.5,,,,2,2,5,6,11,32,43,124,2,10,17,11,20,40,125,2,15,18,8,18,39,125,2,11,20,6,19,43,125,2,9,12,15,17,46,124,13,5,2,10,18,52,110,10,5,6,12,15,52,113,15,4,1,10,17,52,107,4,10,22,9,12,42,120,2,18,12,10,14,43,122,,,,,,,,,,,,,,,,,,,,,,0
Bryce Duckworth,4.5,92,90,Bryce Duckworth,Clark County Family Court,brduckworth,93%,,"Elected in 2008 to Clark County Family Court, Duckworth previously practiced family law. Duckworth is up for reelection in 2020.",4.6,4.5,4.4,4.5,4.6,4.6,4.4,4.4,4.5,4.7,4.7,4.5,4.6,4,0,3,1,1,22,72,89,0,3,5,2,23,67,88,0,6,2,1,26,64,87,0,3,2,3,23,68,88,0,2,5,0,22,71,87,6,2,2,1,18,70,82,3,2,8,3,14,69,83,7,2,6,5,17,63,81,1,4,4,5,20,67,84,0,2,2,0,16,79,87,0,2,2,0,16,79,86,0,2,2,6,22,67,86,0,2,2,2,22,71,86,0
Cara Campbell,4.4,82,38,Cara Campbell,Las Vegas Municipal Court,vacampbell,,,"A longtime former prosecutor, Campbell was elected to the Las Vegas Municipal Court in 2017 after a highly contested race. She is up for reelection in 2024.",4.5,4.2,4.2,4.4,4.3,4.5,4.6,4.6,4.3,4.3,4.4,4.4,4.4,6,3,0,8,5,18,67,38,0,5,11,5,14,65,37,0,3,14,3,19,62,37,0,0,11,6,17,67,36,0,5,11,3,11,70,37,3,0,11,3,14,70,36,3,0,5,3,19,70,36,3,0,6,3,17,72,35,0,5,11,5,8,70,37,0,3,16,0,11,70,37,0,3,11,0,16,70,37,0,6,8,0,17,69,36,0,0,14,0,16,70,37,0
Carolyn Ellsworth,3.2,44,171,Carolyn Ellsworth,Clark County District Court,caellsworth,51%,,"Appointed to the Clark County District Court in 2011, Ellsworth was retained by voters in 2014. She is up for reelection in 2020.",3.7,3,3,3.1,3.1,3.4,3.6,3.7,3,2.8,3.6,3,3.3,3,3,14,8,9,24,41,164,2,22,28,6,14,27,164,2,25,22,9,16,26,162,2,21,21,8,20,28,161,1,23,17,9,21,28,160,6,15,13,14,19,32,153,7,12,8,18,20,34,151,13,11,5,18,21,32,141,2,28,18,9,14,28,161,1,30,21,10,16,22,162,2,13,7,18,29,31,161,4,22,17,18,20,20,159,2,18,15,14,21,30,161,0
Cedric Kerns,3.9,70,64,Cedric Kerns,Las Vegas Municipal Court,cekerns,75%,,"A Las Vegas municipal judge since1997, Kerns was last reelected in 2017. During his more than two decades on the bench, he created a youth offender court. He is up for reelection in 2023.",4,3.8,3.8,3.9,3.9,4.1,4.1,4.2,3.8,3.7,4,4.1,4.1,6,2,11,8,2,22,56,62,2,19,5,6,19,49,62,2,15,11,6,16,50,61,2,15,5,5,22,52,59,2,15,6,6,16,55,61,3,13,5,3,18,58,60,3,16,0,5,15,61,60,8,11,2,5,15,60,57,2,18,10,2,16,52,60,0,15,15,6,15,50,62,0,11,3,6,27,52,62,3,13,0,7,23,54,59,3,10,3,8,19,56,60,0
Charles Hoskin,4,75,92,Charles Hoskin,Clark County Family Court,chhoskin,90%,,"Appointed in 2009 to Clark County Family Court, Hoskins previously worked as an attorney in private practice. He has been the presiding judge over Family Court since 2014 and is up for re-election in 2020.",4.1,3.8,3.8,3.9,3.9,4.2,3.9,4.1,3.8,4,4.1,4.3,4.1,4,1,7,7,4,31,50,89,1,9,12,10,28,39,88,0,10,9,11,28,42,89,0,9,8,9,31,43,88,0,9,10,7,27,47,88,6,6,5,7,28,49,83,5,9,9,10,24,43,84,11,6,3,11,24,44,77,2,13,7,11,27,40,86,1,9,2,11,33,43,87,0,5,6,8,34,48,86,1,3,2,10,31,52,86,0,7,3,8,37,44,86,0
Cheryl Moss,3,42,84,Cheryl Moss,Clark County Family Court,chmoss,44%,,"Moss worked as an attorney in solo private practice between 1997 and 2000, when she was elected to Clark County Family Court. She is up for reelection in 2020.",2.9,3,2.8,2.8,3.5,3.7,3.5,3.8,3.1,3.7,3.5,2.5,3.2,4,1,21,24,13,23,17,85,1,21,24,12,18,24,83,0,24,24,17,18,18,84,0,22,25,16,19,18,85,0,18,7,13,33,29,83,2,13,6,10,36,33,81,2,16,10,13,27,33,81,9,10,2,15,35,29,75,1,22,16,14,23,24,82,1,16,5,7,40,31,82,1,13,10,15,34,27,81,0,40,18,11,16,16,83,0,15,21,17,25,22,81,0
Chris Lee,4.2,76,62,Chris Lee,North Las Vegas Justice Court,chlee,71%,,"First elected to the North Las Vegas Justice Court in 2008, Lee is up for reelection in 2020.",4.3,4,4,4.1,4.2,4.2,4.4,4.4,4.2,4.2,4.3,4.4,4.2,5,2,3,5,10,21,60,61,0,8,17,2,12,62,60,0,8,15,3,14,59,59,0,8,10,2,22,58,60,2,7,10,5,12,64,58,2,7,7,5,16,64,57,3,5,2,10,14,66,57,3,5,3,10,10,68,57,0,7,10,3,14,66,58,0,10,3,5,16,66,58,0,5,5,5,19,66,58,0,5,2,5,22,66,59,0,9,7,2,16,67,57,0
Cynthia Cruz,3.3,48,66,Cynthia Cruz,Las Vegas Justice Court,cycruz,55%,,"Elected in 2012 to Las Vegas Justice Court, Cruz previously owned her own law firm. She is up for reelection in 2024.",3.5,3.1,3.1,3.1,3.4,3.8,3.7,3.9,3.2,3.3,3.5,3.6,3.6,5,0,17,13,6,31,33,64,2,19,21,13,19,27,62,0,18,28,8,18,28,61,0,18,24,11,19,27,62,0,15,18,12,25,30,60,3,10,7,14,31,34,56,3,12,8,12,27,37,57,10,10,3,8,31,37,53,0,16,28,12,11,33,57,0,19,17,15,17,32,59,0,14,15,7,32,32,59,0,14,12,12,28,34,58,0,14,12,9,25,40,57,0
Cynthia Giuliani,3.9,84,67,Cynthia Giuliani,Clark County Family Court,cygiuliani,74%,,Giuliani was elected to Clark County Family Court in 2008. She previously maintained her own law practice in Las Vegas. She is up for reelection in 2020.,4,3.9,3.7,3.8,4.2,4.4,4.3,4.4,3.9,4.4,4.3,3.7,4.1,4,1,6,7,6,38,41,67,2,9,8,5,38,39,65,0,12,12,9,30,36,66,2,12,9,6,34,37,64,2,6,3,8,28,54,64,5,3,0,9,31,52,62,2,5,2,6,31,55,64,8,3,0,8,29,52,60,2,11,5,8,34,41,63,0,5,0,6,29,60,65,0,3,3,6,32,55,65,2,12,8,11,32,35,64,3,5,3,9,38,42,63,0
Cynthia Leung,4.4,84,38,Cynthia Leung,Las Vegas Municipal Court,cyleung,75%,,"First appointed to the Las Vegas Municipal Court in 2008, Chief Judge Cynthia Leung was retained by voters in 2009 and reelected in 2015. She is up for reelection in 2021.",4.4,4.3,4.1,4.4,4.3,4.6,4.6,4.6,4.1,4.3,4.6,4.3,4.3,6,0,3,8,5,16,68,38,0,3,11,8,14,64,36,0,6,12,6,24,53,34,0,3,3,6,28,61,36,0,6,6,12,9,68,34,0,3,0,8,11,78,36,0,3,0,11,11,75,36,6,3,0,8,8,75,34,0,6,11,11,11,61,36,0,6,6,8,14,67,36,0,0,0,11,14,74,35,0,3,11,6,11,69,36,0,6,6,11,8,69,36,0
David Gibson,4.2,88,73,David Gibson Jr.,Clark County Family Court,dagibson,,,"A lifelong Henderson resident, Gibson was appointed in 2018 to Clark County Family Court after working for six years as a juvenile dependency hearing master. He is up for reelection in 2020.",4.2,4,4.1,4.1,4.2,4.4,4.2,4.2,4.1,4.3,4.4,4.3,4.2,4,0,4,3,11,27,54,70,0,6,7,7,36,43,67,0,6,7,7,31,48,67,0,6,7,9,30,48,69,0,7,1,6,33,52,67,9,3,3,3,31,51,62,6,3,7,6,28,50,64,13,6,1,6,26,47,59,3,9,6,3,32,47,66,1,3,4,6,34,51,67,0,3,1,3,43,50,68,1,4,1,4,41,48,68,4,6,1,7,33,48,66,0
David Gibson Sr,3.9,77,47,David Gibson Sr.,Henderson Justice Court,dagibson,85%,,"First elected to the Henderson Justice Court in 2008, Gibson is up for reelection in 2020.",3.9,3.7,3.7,3.7,4,4,4,4,3.9,4.2,4.2,4.1,4.1,5,0,13,9,2,24,51,45,0,16,11,5,20,48,44,0,18,9,5,23,45,44,0,14,14,5,21,47,43,0,10,10,7,24,50,42,0,12,2,12,19,56,43,2,9,2,14,21,51,42,5,10,5,10,24,46,39,0,7,14,10,19,50,42,0,7,5,7,26,55,42,0,7,5,5,26,57,42,0,7,5,14,21,52,42,0,7,7,10,22,54,41,0
David Jones,4.1,85,142,David Jones,Clark County District Court,dajones,,,"Appointed to the Clark County District Court in 2016, Jones was retained by voters in 2018. He is up for reelection in 2020.",4.2,4,3.9,4,4.2,4.4,4.3,4.4,4.1,4.1,4.3,4.4,4.2,3,2,4,6,6,30,51,139,2,6,11,5,32,44,137,2,8,10,9,32,39,136,2,7,5,8,35,42,134,2,6,4,7,26,55,134,13,4,1,7,21,54,118,12,4,1,8,22,52,121,14,3,0,10,21,52,119,6,7,5,9,25,49,130,1,8,3,10,33,45,136,2,5,1,4,38,50,134,2,3,2,4,35,54,134,4,5,4,6,33,49,133,0
Denise Gentile,3.8,76,74,Denise Gentile,Clark County Family Court,degentile,,,"Gentile was elected to Clark County Family Court in 2014, defeating incumbent William Gonzalez. She is up for reelection in 2020.",3.8,3.6,3.7,3.6,3.9,4.2,3.9,4.1,3.7,4,4.1,3.7,3.9,4,0,8,8,9,46,28,74,1,14,5,15,37,27,72,0,11,10,8,45,26,73,0,11,12,8,41,27,73,1,7,8,7,39,38,71,7,4,1,4,46,38,67,4,10,4,11,36,35,69,13,4,1,7,44,31,63,0,11,7,15,38,29,72,0,7,7,6,38,43,72,0,6,6,4,45,39,71,0,8,11,10,40,31,72,0,7,6,13,43,32,72,0
Diana Sullivan,3.7,69,86,Diana Sullivan,Las Vegas Justice Court,disullivan,75%,,Sullivan was elected to Las Vegas Justice Court in 2009. She previously worked for 17 years as an attorney in private practice. Sullivan is up for reelection in 2020.,3.9,3.6,3.4,3.6,3.8,4.2,4.1,4.2,3.8,3.7,4,3.9,3.8,5,0,13,9,7,20,51,85,0,16,18,7,11,48,83,0,24,13,6,16,41,83,0,17,12,11,18,42,83,1,17,6,11,14,51,80,2,10,0,12,16,59,79,3,10,3,10,19,56,78,10,10,0,9,19,53,73,0,20,5,10,11,54,81,0,12,17,9,11,51,81,0,10,5,12,19,54,81,0,12,7,11,17,52,81,0,14,11,7,21,47,81,0
Douglas Hedger,4.1,85,33,Douglas Hedger,Henderson Municipal Court,dohedger,88%,,"First elected to the Henderson Municipal Court in 2003, Hedger was reelected in 2009 and 2015. He is up for reelection in 2022.",4.3,4.1,4,3.9,4.1,4.1,4.1,4.1,4,4,4.2,4.2,4,6,0,6,0,6,34,53,32,0,10,0,10,32,48,31,0,10,3,13,29,45,31,0,10,10,6,29,45,31,0,10,3,6,29,52,31,0,10,3,6,26,55,31,0,10,3,6,26,55,31,3,10,0,10,29,48,30,0,10,6,6,29,48,31,0,10,3,13,26,48,31,0,10,0,10,26,55,31,0,10,0,6,32,52,31,0,10,3,10,29,48,31,0
Douglas Herndon,4.4,85,194,Douglas Herndon,Clark County District Court,doherndon,81%,,"Appointed to the Clark County District Court in 2005, Herndon was retained by voters and last reelected in 2014. He is up for reelection in 2020.",4.5,4.4,4.3,4.4,4.3,4.4,4.4,4.5,4.2,4.3,4.5,4.4,4.4,3,2,4,2,2,23,68,188,2,4,5,6,22,62,187,2,5,5,6,24,58,186,2,4,5,4,24,62,187,2,6,6,4,21,61,185,5,4,3,6,18,64,180,6,4,2,7,18,63,178,9,2,2,7,19,61,171,3,6,7,5,19,60,183,2,5,5,5,24,59,186,1,2,3,6,21,67,186,2,3,2,7,24,63,184,2,3,6,5,22,62,184,0
Elana Graham,4.1,75,73,Elana Graham,Las Vegas Justice Court,elgraham,,,"First elected to Las Vegas Justice Court in 2018, Graham is up for reelection in 2024.",4.2,4,4,3.9,4.1,4.4,4.4,4.4,4,4.2,4.2,4.2,4.2,5,3,6,11,3,17,60,68,3,9,12,3,16,57,66,3,12,12,0,13,60,65,2,9,15,3,18,53,65,0,9,12,2,15,62,66,0,6,4,3,18,69,67,0,4,6,4,19,66,67,0,4,4,4,19,67,67,0,13,9,3,13,61,67,0,6,7,6,21,60,67,0,6,8,5,21,61,66,1,6,10,6,16,60,66,0,6,9,6,18,61,66,0
Elissa Cadish,4.5,89,248,Elissa Cadish,Nevada Supreme Court,elcadish,87%,then a Clark County district judge,"Elected to the state Supreme Court in 2018, Cadish previously served as a Clark County district judge for more than a decade. She is up for reelection in 2024.",4.6,4.4,4.4,4.4,4.5,4.6,4.6,4.6,4.4,4.6,,,,1,7,2,0,3,20,68,223,7,3,3,5,21,62,227,7,4,3,7,20,58,224,7,2,5,5,25,56,224,5,2,4,4,17,67,226,9,2,3,5,11,70,219,9,3,1,6,11,69,220,11,2,1,8,10,68,214,6,3,4,7,16,63,226,4,2,2,6,17,69,230,,,,,,,,,,,,,,,,,,,,,,0
Elizabeth Gonzalez,4.1,73,271,Elizabeth Gonzalez,Clark County District Court,elgonzalez,81%,,"Appointed to the Clark County District Court in 2004, Gonzalez was retained by voters and last reelected in 2014. She is up for reelection in 2020.",4.4,3.9,3.9,4,4,4.4,4.3,4.4,3.7,3.7,4.2,4.3,3.9,3,0,3,4,5,28,60,265,0,8,14,7,23,48,262,0,9,11,11,22,46,263,0,5,11,11,28,46,264,0,7,8,14,21,50,265,5,2,2,10,24,56,249,4,4,6,7,24,55,252,8,2,2,10,26,53,242,2,14,12,10,19,43,259,0,11,13,10,23,43,263,0,3,6,9,29,53,263,1,2,5,10,28,53,259,1,5,13,13,22,47,261,0
Eric Goodman,4.1,80,70,Eric Goodman,Las Vegas Justice Court,ergoodman,74%,,"First elected to Las Vegas Justice Court in 2008, Goodman is up for reelection in 2020.",4.2,4,3.9,4,4,4.3,4.3,4.4,4,3.9,4.3,4.3,4.1,5,0,7,7,4,28,54,72,0,9,10,7,23,51,70,0,10,11,9,21,49,70,0,10,7,3,32,48,69,0,11,9,5,20,56,66,1,6,3,10,15,64,66,3,7,6,3,15,66,65,8,6,2,5,15,65,61,0,10,7,7,19,55,67,0,10,10,10,16,52,67,0,4,4,9,22,60,67,0,3,6,6,25,60,67,0,7,7,10,16,58,67,0
Eric Johnson,3.6,64,166,Eric Johnson,Clark County District Court,erjohnson,,,"Appointed to the Clark County District Court in 2015, Johnson previously worked as a federal prosecutor. He is up for reelection in 2020.",3.8,3.6,3.4,3.5,3.9,4.1,3.8,4.1,3.6,3.7,3.9,3.3,3.7,3,1,7,12,8,36,35,163,1,9,16,13,29,31,162,2,13,18,13,27,26,161,1,11,15,14,32,27,162,2,8,11,7,33,39,158,7,4,7,10,28,43,149,7,12,6,9,27,40,151,11,3,3,14,30,39,143,3,10,15,10,27,35,157,1,10,14,12,28,36,161,1,5,10,12,39,34,161,2,15,17,16,27,24,158,2,10,7,14,35,32,158,0
Frank Sullivan,4.3,87,62,Frank Sullivan,Clark County Family Court,frsullivan,90%,,"Sullivan was elected in 2008 to Clark County Family Court, presiding over child welfare cases. He previously worked for 12 years in Family Court in various roles. Sullivan is up for reelection in 2020.",4.4,4.3,4.3,4.4,4.5,4.5,4.4,4.5,4.3,4.3,4.5,4.3,4.4,4,2,8,0,5,15,69,58,2,9,2,3,19,66,57,2,9,2,7,16,66,57,2,7,2,5,16,68,56,2,5,4,2,15,73,54,2,5,4,2,16,71,54,2,7,4,4,11,72,53,2,6,0,4,17,72,53,2,5,7,7,9,69,54,2,7,5,2,16,68,55,2,6,4,2,13,74,53,2,7,4,4,20,63,53,2,4,5,4,18,67,54,0
Gloria Sturman,3.7,68,192,Gloria Sturman,Clark County District Court,glsturman,71%,,Sturman was elected to the Clark County District Court in 2010 and ran unopposed in 2014. She is up for reelection in 2020.,3.8,3.6,3.5,3.6,4.1,4.3,4.2,4.3,3.9,4,4,3.7,3.8,3,0,5,15,10,34,35,186,0,6,22,9,30,34,185,0,8,25,8,26,33,185,0,8,18,14,29,31,185,1,4,5,10,35,45,183,9,2,1,9,32,47,166,8,3,3,10,30,46,169,12,2,2,10,31,44,161,4,5,13,8,31,39,178,1,5,8,10,36,41,183,0,4,9,9,38,40,182,0,6,14,16,34,30,185,1,5,14,11,38,31,184,0
Harmony Letizia,4.1,79,78,Harmony Letizia,Las Vegas Justice Court,haletizia,,,"Letizia was elected to Las Vegas Justice Court in 2016. Prior to her election, she served as a chief deputy public defender in Clark County. She is up for reelection in 2022.",4.2,4,4,4.1,4.2,4.3,4.3,4.3,4.1,4.3,4.2,4.1,4.2,5,0,5,8,11,18,58,76,1,4,15,11,16,53,74,1,5,17,5,16,55,74,1,5,9,12,20,52,74,0,4,7,10,21,58,72,1,4,7,7,21,60,71,0,4,7,7,22,60,72,4,4,7,7,19,59,70,1,5,11,7,16,59,72,0,4,7,8,17,63,71,0,5,8,5,19,62,73,3,5,10,8,16,58,71,0,5,10,5,21,59,73,0
James Hardesty,3.8,66,193,James Hardesty,Nevada Supreme Court,jahardesty,73%,,"Elected to the state Supreme Court in 2004, Hardesty previously led the effort to create a state Court of Appeals. He is up for reelection in 2022.",4.1,3.6,3.5,3.7,3.8,4.1,4.1,4.2,3.6,3.9,,,,1,6,5,5,8,29,47,178,6,8,16,13,24,33,177,6,12,15,12,25,29,176,5,9,7,18,30,30,177,5,8,10,15,22,39,177,11,4,6,10,26,43,163,11,4,5,13,22,45,166,14,3,4,11,23,44,158,5,10,16,13,20,35,176,7,4,9,18,23,40,172,,,,,,,,,,,,,,,,,,,,,,0
Jerry Tao,3.7,62,177,Jerry Tao,Court of Appeals,jetao,86%,then a Clark County district judge,Tao was appointed to the inaugural Court of Appeals in 2014 after serving as a Clark County district judge. He is up for reelection in 2022.,3.9,3.6,3.5,3.6,3.7,4,3.9,4,3.6,3.8,,,,2,4,8,10,11,21,47,163,2,16,15,9,13,45,168,2,16,15,8,16,42,166,1,15,15,9,14,45,168,2,14,12,9,19,45,167,8,8,4,13,24,44,154,8,8,6,12,22,43,152,10,7,4,15,22,43,151,4,13,12,14,15,43,164,2,11,9,12,17,49,165,,,,,,,,,,,,,,,,,,,,,,0
Jerry Wiese,4.3,87,255,Jerry Wiese,Clark County District Court,jewiese,80%,,Wiese was elected to the Clark County District Court in 2010 and was reelected in 2014. He is up for reelection in 2020.,4.3,4.1,4,4.2,4.4,4.6,4.6,4.5,4.2,4.5,4.5,4.4,4.4,3,1,2,2,9,35,51,240,2,2,10,7,31,48,238,2,6,10,8,29,46,237,2,2,8,8,33,47,238,1,3,3,8,27,58,236,6,0,0,5,28,60,224,7,0,0,5,28,59,222,10,1,2,6,25,56,216,4,4,7,9,25,52,231,1,2,2,3,26,66,238,1,1,3,5,32,60,238,1,1,3,6,32,57,236,3,1,5,5,33,53,234,0
Jim Crockett,3.8,67,226,Jim Crockett,Clark County District Court,jicrockett,,,Crockett was elected to the Clark County District Court in 2014 after working for more than three decades in civil litigation. He is up for reelection in 2020.,4.2,3.7,3.6,3.7,3.9,4.3,4.3,4.3,3.7,3.8,4.1,3.6,3.9,3,2,7,4,5,30,52,222,1,12,12,9,22,44,221,1,14,16,10,20,39,221,1,12,12,7,28,41,221,2,10,9,9,22,48,219,11,4,1,9,23,51,198,11,3,5,7,24,50,198,16,3,0,10,20,50,187,5,13,9,10,21,42,210,1,9,9,12,26,43,221,1,6,5,9,31,49,220,1,11,14,15,24,35,218,2,9,5,12,33,39,218,0
Joanna Kishner,3.6,61,212,Joanna Kishner,Clark County District Court,jokishner,69%,,Kishner was elected to the Clark County District Court in 2010 and ran unopposed in 2014. She is up for reelection in 2020.,4,3.6,3.4,3.5,3.9,4.3,4.2,4.2,3.7,3.3,4,3.5,3.6,3,2,7,7,11,32,42,207,0,11,15,12,24,38,206,0,17,19,7,24,33,207,0,11,17,14,22,35,208,2,9,9,13,23,44,204,12,4,1,10,25,48,184,12,4,2,11,23,46,184,16,3,2,10,24,45,178,6,12,12,9,23,38,198,0,18,18,11,20,33,210,0,7,8,11,29,45,209,2,14,14,14,20,36,207,0,12,15,13,25,35,209,0
Joe Bonaventure,3.7,68,72,Joe Bonaventure,Las Vegas Justice Court,jobonaventure,71%,,"Elected in 2004 to Las Vegas Justice Court, Bonaventure previously worked as an attorney in private practice and as a deputy in the Clark County district attorney's office. He is up for reelection in 2022.",3.9,3.6,3.6,3.5,3.8,4.1,4,4.1,3.7,3.6,3.8,4.1,3.9,5,0,10,10,8,26,47,73,0,13,19,6,22,40,72,0,11,20,11,15,42,71,0,13,22,8,19,38,72,1,13,11,10,17,47,69,1,7,6,10,22,53,67,1,9,9,7,23,51,68,4,9,3,10,22,51,65,0,15,12,12,14,47,66,0,15,12,10,22,41,68,1,9,13,12,19,46,67,3,9,6,6,28,49,67,1,10,9,7,24,49,67,0
Joe Hardy Jr,4,77,223,Joe Hardy Jr.,Clark County District Court,johardy,,,"Appointed to the Clark County District Court in 2015, Hardy was retained by voters in 2016. He is up for reelection in 2020.",4.1,3.9,3.7,3.8,4.2,4.5,4.4,4.3,4,4.3,4.3,3.9,4,3,2,5,9,9,32,44,217,2,5,12,8,30,43,217,2,8,17,11,25,37,216,2,5,14,10,32,36,216,3,5,8,7,26,52,212,11,0,3,5,28,53,193,10,1,4,5,26,53,197,11,2,3,7,26,51,196,5,7,8,8,25,48,208,2,4,6,6,27,55,216,2,3,6,6,28,55,215,3,3,10,14,33,37,213,2,5,10,6,33,44,214,0
Joseph Sciscento,4.2,86,96,Joseph Sciscento,Las Vegas Justice Court,josciscento,89%,,"Appointed to Las Vegas Justice Court in 2009, Sciscento is up for reelection in 2024.",4.3,4.2,4.1,4.2,4.2,4.5,4.5,4.5,4.1,4.3,4.3,4.3,4.3,5,1,2,4,7,30,55,91,1,1,12,7,27,52,89,1,9,3,9,24,54,90,1,7,3,12,22,54,89,0,6,8,9,19,58,89,2,1,4,7,21,64,87,2,1,7,6,17,67,86,9,1,2,7,18,63,80,0,7,8,12,17,56,89,0,4,3,8,27,57,89,0,3,4,3,31,57,89,0,2,7,7,30,54,89,0,3,6,7,22,63,88,0
Kalani Hoo,4.4,94,50,Kalani Hoo,North Las Vegas Justice Court,kahoo,91%,,"A North Las Vegas justice of the peace since 2012, Hoo is up for reelection in 2024.",4.4,4.4,4.4,4.4,4.5,4.5,4.5,4.5,4.5,4.5,4.6,4.5,4.4,5,0,2,0,8,37,53,49,0,2,0,6,38,54,48,0,2,0,11,34,53,47,0,2,0,8,40,50,48,0,2,0,5,30,64,44,2,2,0,7,26,63,45,2,2,0,4,29,62,44,2,2,0,4,29,62,44,0,2,2,7,25,64,44,0,2,0,5,27,66,44,0,2,0,4,27,67,45,0,2,2,7,25,64,44,0,2,0,9,29,60,45,0
Karen Bennett-Heron,3.3,51,122,Karen Bennett-Haron,Las Vegas Justice Court,kabennettheron,64%,,Bennett-Haron in 2002 became the first black female judge appointed to Las Vegas Justice Court. She previously served as general counsel for the Las Vegas Housing Authority. She is up for reelection in 2022.,3.4,3.1,3.1,3.2,3.1,3,3.7,3.8,3.1,2.9,3.5,3.4,3.4,5,3,22,12,8,18,39,117,3,29,15,4,14,35,115,3,31,13,3,13,38,117,3,27,14,6,13,38,115,2,34,11,5,10,39,117,3,39,6,3,10,39,116,3,17,5,16,17,43,116,8,16,1,14,19,42,109,3,32,13,3,8,41,114,1,38,11,6,9,35,118,1,20,14,7,16,42,118,3,21,13,9,14,40,116,1,26,9,5,19,39,118,0
Kathleen Delaney,3.9,73,233,Kathleen Delaney,Clark County District Court,kadelaney,65%,,Delaney was first elected to the Clark County District Court in 2008 and was reelected in 2014. She is up for reelection in 2020.,4.1,3.9,3.6,3.8,4.2,4.5,4.4,4.5,4.1,4.3,4.3,3.4,4.1,3,1,3,6,10,37,43,229,0,5,13,10,29,42,229,1,13,13,11,24,39,228,0,8,14,10,24,43,228,2,4,5,9,28,52,225,5,1,2,7,26,59,216,5,3,3,7,25,57,216,8,1,0,8,26,57,208,1,6,8,8,25,52,225,1,3,6,6,27,57,222,1,3,2,11,27,55,225,1,14,18,13,21,34,225,2,3,6,12,29,47,222,0
Kenneth Cory,4,74,187,Kenneth Cory,Clark County District Court,kecory,76%,,"Appointed to the Clark County District Court in 2004, Cory was retained by voters and last reelected in 2014. He is up for reelection in 2020.",4,3.9,3.7,3.8,4.2,4.4,4.4,4.3,4.1,4.4,4.2,3.9,4.1,3,1,5,8,11,32,44,183,1,8,11,11,27,42,183,0,9,16,9,26,40,185,1,8,14,11,23,43,182,0,4,5,11,25,55,183,6,3,2,7,25,57,168,5,3,2,8,25,57,172,9,4,4,9,21,53,166,1,5,9,9,26,50,179,0,3,2,6,28,61,181,0,3,4,13,29,51,180,1,3,11,15,34,37,178,1,6,4,12,30,47,179,0
Kerry Earley,3.8,76,157,Kerry Earley,Clark County District Court,keearley,71%,,"Appointed to the Clark County District Court in 2012, Earley was retained by voters in 2014. She is up for reelection in 2020.",3.9,3.8,3.6,3.6,4.1,4.3,4.4,4.3,4,4.1,4.1,3.7,3.9,3,3,6,11,9,32,40,154,2,6,16,10,26,41,153,3,7,21,8,29,32,151,2,7,22,7,27,35,153,3,4,8,8,31,45,148,9,2,4,7,28,50,138,11,1,3,6,30,49,135,11,2,3,8,27,49,137,6,3,12,9,27,42,144,2,5,9,9,27,48,151,2,5,4,11,30,47,146,2,9,13,12,30,34,149,2,6,10,10,36,37,151,0
Kristina Pickering,4.1,75,218,Kristina Pickering,Nevada Supreme Court,krpickering,69%,,"Elected to the state Supreme Court in 2008, Pickering will serve as chief justice in 2020, when she will face reelection.",4.4,4.1,3.9,4,4.1,4.4,4.4,4.4,4,4.2,,,,1,7,4,2,6,20,60,195,6,8,9,8,15,54,199,5,11,11,6,15,52,199,6,10,7,9,16,53,197,8,9,5,8,14,56,192,13,4,2,9,14,58,181,11,4,1,10,16,58,185,15,4,0,10,14,56,177,8,9,9,8,13,53,191,8,6,5,6,21,54,193,,,,,,,,,,,,,,,,,,,,,,0
Lidia Stiglich,4.2,80,181,Lidia Stiglich,Nevada Supreme Court,listiglich,,,"Appointed to the state Supreme Court in 2016, Stiglich was retained by voters in 2018. She previously served as a Washoe County district judge. Stiglich is up for reelection in 2024.",4.3,4.1,4,4.2,4.3,4.5,4.4,4.5,4.2,4.4,,,,1,12,3,7,4,19,54,154,14,4,10,8,16,48,152,14,6,11,8,15,46,152,15,3,8,7,21,46,150,13,3,5,10,14,55,152,16,2,1,8,17,55,146,14,4,3,7,16,56,149,19,3,1,7,16,55,139,13,5,6,7,17,52,151,10,3,2,8,18,59,156,,,,,,,,,,,,,,,,,,,,,,0
Linda Bell,3.9,76,206,Linda Bell,Clark County District Court,libell,81%,,"First elected to the Clark County District Court in 2008, Bell ran unopposed in 2014. She is up for reelection in 2020.",4,3.8,3.7,3.8,4.1,4.3,4.2,4.3,3.9,4.1,4.1,4,4,3,0,6,12,5,31,46,206,1,11,13,6,27,41,202,1,10,14,9,26,40,201,0,7,16,9,28,40,202,0,4,12,7,25,51,200,5,4,3,8,28,54,191,5,3,7,7,26,52,191,6,3,5,9,26,52,188,2,9,10,6,24,49,197,1,5,9,8,23,53,198,0,5,11,8,26,51,198,1,6,9,8,33,43,195,2,6,13,4,30,44,197,0
Linda Marquis,4.1,78,100,Linda Marquis,Clark County Family Court,limarquis,,,"Elected to Clark County Family Court in 2014, Marquis is up for reelection in 2020.",4.2,4,3.9,4,4.1,4.3,4.2,4.3,4,4,4.3,4.2,4.1,4,0,4,8,7,27,54,98,0,5,11,13,21,49,98,0,7,12,10,21,49,98,0,5,13,4,29,49,98,1,3,13,10,23,50,95,7,2,4,9,29,49,86,6,1,9,7,27,48,89,14,1,1,14,27,44,81,1,5,10,12,24,48,93,0,7,12,4,29,47,95,1,2,4,6,34,53,94,0,1,8,10,37,45,93,2,4,9,11,26,49,92,0
Lisa Brown,3.2,47,73,Lisa Brown,Clark County Family Court,librown,,,Brown served as a judge in Clark County Family Court between 2000 and 2008. She returned to Family Court in 2014 and is up for reelection in 2020.,3.1,3.1,3,3.1,3.6,3.9,3.5,3.8,3.3,3.6,3.3,3,3.2,4,0,12,27,17,27,17,75,1,14,30,11,23,21,72,3,18,26,13,21,19,70,0,16,22,16,29,16,73,1,12,8,21,27,30,72,8,7,3,15,33,34,67,3,13,11,14,35,25,70,14,8,3,18,29,29,63,3,14,15,18,27,23,71,0,13,11,10,36,31,72,1,11,23,11,27,26,72,1,18,25,10,31,15,71,1,15,19,16,25,23,72,0
Mark Denton,4.2,87,193,Mark Denton,Clark County District Court,madenton,93%,,"Appointed to the Clark County District Court in 1998, Denton was retained by voters and last reelected in 2014. He is up for reelection in 2020.",4.2,4.1,4,4,4.4,4.6,4.6,4.6,4.2,4.6,4.3,4.2,4.3,3,2,4,6,8,32,49,189,2,6,7,7,31,48,188,2,6,9,11,29,43,187,2,6,6,15,28,43,187,1,3,4,4,27,62,188,6,1,0,3,27,63,179,6,1,0,5,26,62,175,8,1,0,3,26,61,175,4,5,6,6,25,53,182,1,1,2,6,23,68,189,2,2,5,8,29,55,187,2,2,7,12,31,46,186,2,2,6,7,32,52,187,0
Mark Gibbons,4.1,83,178,Mark Gibbons,Nevada Supreme Court,magibbons,86%,,Chief Justice Mark Gibbons has served on the state Supreme Court since he was elected in 2002. He is up for reelection in 2020.,4.1,4,3.9,3.9,4.2,4.4,4.4,4.4,4.1,4.5,,,,1,9,3,5,10,31,43,158,8,4,6,14,28,40,158,8,5,8,15,29,35,157,9,4,9,15,29,35,155,9,4,3,11,23,50,154,10,2,2,10,21,55,153,11,2,0,11,21,55,152,13,2,1,10,20,54,144,9,5,4,11,24,46,153,8,2,2,7,24,58,155,,,,,,,,,,,,,,,,,,,,,,0
Mark Stevens,3.8,63,38,Mark Stevens,Henderson Municipal Court,mastevens,76%,,"First elected to the Henderson Municipal Court in 2007, Stevens was last reelected in 2019. He is up for reelection in 2026.",4,3.7,3.7,3.7,3.6,3.8,3.7,4.1,3.6,3.5,4,4.1,4,6,0,8,8,13,23,49,39,0,13,13,11,16,47,38,0,13,13,13,13,47,38,0,5,16,24,11,45,38,3,16,14,14,8,46,36,5,11,5,22,11,46,35,5,13,8,16,16,42,36,11,3,0,24,21,42,34,0,14,16,11,16,43,37,0,13,18,18,8,42,38,0,5,11,8,29,47,38,0,5,8,8,29,50,38,0,8,8,13,21,50,38,0
Martin Hastings,4.4,86,56,Martin Hastings,Las Vegas Municipal Court,mahastings,89%,,"First elected to the Las Vegas Municipal Court in 2007, Hastings was reelected in 2015. He is up for reelection in 2021.",4.3,4.4,4.3,4.3,4.4,4.6,4.6,4.6,4.3,4.6,4.5,4.6,4.6,6,0,4,7,5,21,63,57,0,4,7,7,13,69,55,0,2,11,5,20,62,55,2,4,7,9,16,62,54,0,4,9,4,9,75,55,0,2,2,7,15,75,55,2,2,2,7,11,76,54,11,2,2,5,9,71,49,2,13,0,4,11,71,54,0,2,2,4,16,76,55,0,4,6,4,13,74,54,0,4,0,4,15,78,54,0,2,2,5,20,71,55,1
Mary Kay Holthus,3.5,59,111,Mary Kay Holthus,Clark County District Court,maholthus,,,Holthus was elected to the bench in 2018 after working for more than two decades as a Clark County prosecutor. She is up for reelection in 2020.,3.3,3.4,3.3,3.3,3.6,3.8,3.9,4,3.5,3.8,3.6,3.7,3.6,3,3,19,16,8,23,31,105,2,17,20,5,23,33,103,1,21,17,8,22,31,104,1,19,17,8,23,32,103,1,15,11,13,21,39,103,4,13,8,8,25,42,100,4,12,5,9,27,44,100,6,10,3,9,27,45,96,1,21,12,5,20,41,103,1,14,9,9,25,43,101,1,15,11,6,31,37,103,2,13,11,11,25,38,102,1,13,13,10,26,38,103,0
Mathew Harter,3.3,48,94,Mathew Harter,Clark County Family Court,maharter,71%,,Harter was elected to Clark County Family Court in 2008 and was reelected in 2014. He was defeated by Lidia Stiglich last year for a seat on the state Supreme Court. Harter is up for reelection in 2020.,3.5,3.1,3,3.3,3.3,3.5,3.1,3.5,3.2,3.2,3.5,3.6,3.5,4,0,18,14,7,27,34,95,0,19,26,10,21,24,94,0,20,23,14,21,23,92,0,17,14,12,34,23,94,0,16,20,10,27,27,93,5,13,4,23,26,27,86,5,18,18,14,23,22,88,12,13,4,18,29,23,79,1,20,15,13,29,22,92,0,17,16,16,29,22,93,0,16,10,13,33,28,93,0,15,7,15,32,32,92,0,13,12,18,29,27,92,0
Melanie Andress-Tobiasson,3.7,74,106,Melanie Andress-Tobiasson,Las Vegas Justice Court,meandresstobiass,85%,,Andress-Tobiasson was appointed to Las Vegas Justice Court in 2009. She previously worked as a deputy in the Clark County district attorney's office. She is up for reelection in 2024.,4,3.8,3.7,3.7,3.7,4.1,4.1,4.3,3.7,3.8,4,3.7,3.7,5,1,8,7,7,35,43,103,1,13,7,8,28,43,103,1,14,7,12,27,39,103,1,14,8,12,26,40,102,1,12,14,7,25,42,100,2,8,5,7,27,51,99,2,6,5,13,23,51,99,8,5,2,10,23,52,92,1,16,9,9,22,44,100,1,13,10,8,25,43,99,1,7,9,10,30,44,100,1,10,13,13,28,35,99,1,15,7,11,26,39,98,1
Melissa De La Garza,4.3,86,59,Melisa De La Garza,Las Vegas Justice Court,medelagarza,,,"First elected in 2018 to Las Vegas Justice Court, De La Garza currently presides over one of the court's domestic battery calendars. She is up for reelection in 2024.",4.4,4.4,4.3,4.3,4.4,4.4,4.5,4.5,4.4,4.4,4.5,4.5,4.4,5,0,3,9,2,17,69,58,2,4,11,4,11,70,56,4,4,11,5,12,65,55,2,4,11,4,19,61,56,0,4,6,6,17,69,54,2,4,6,2,20,67,53,2,2,7,6,13,70,53,4,2,6,2,19,69,52,2,4,5,4,18,67,54,0,2,7,4,20,67,55,0,2,6,4,22,67,54,0,2,4,5,24,65,55,0,2,7,4,22,65,54,0
Melissa Saragosa,4.1,77,82,Melissa Saragosa,Las Vegas Justice Court,mesaragosa,69%,,"Appointed to Las Vegas Justice Court in 2006, Saragosa developed and presided over the state's first domestic violence court. She is up for reelection in 2022.",4.2,3.9,3.9,3.9,4.1,4.3,4.2,4.4,4,4.1,4.3,4.2,4.2,5,1,9,4,4,29,53,78,1,10,13,5,18,52,76,1,10,12,8,18,51,76,3,9,12,8,16,53,74,0,4,14,12,11,59,74,7,4,7,9,8,65,69,7,5,9,9,5,64,69,10,4,3,11,7,66,66,1,8,15,7,9,59,73,0,7,8,11,19,55,74,0,4,5,9,22,59,74,1,4,4,9,28,53,73,0,5,7,8,23,57,74,0
Michael Gibbons,3.9,80,74,Michael Gibbons,Court of Appeals,migibbons,,,Gibbons was appointed to the inaugural Court of Appeals in 2014 after serving as a district judge for 20 years. He is up for relection in 2022.,3.8,3.8,3.7,3.8,4.1,4.1,4.1,4.1,4.1,4.2,,,,2,10,10,4,13,26,36,62,9,10,7,13,24,37,64,7,10,10,12,23,38,64,7,9,11,11,24,37,65,10,7,0,13,26,43,61,15,7,0,12,25,41,58,13,6,1,12,25,42,58,18,6,0,13,24,40,56,13,7,0,10,28,41,59,10,6,0,12,26,46,61,,,,,,,,,,,,,,,,,,,,,,0
Michael Villani,3.9,71,189,Michael Villani,Clark County District Court,mivillani,77%,,"Appointed to the Clark County District Court in 2007, Villani was retained by voters in 2014. He is up for reelection in 2020.",4,3.7,3.5,3.6,3.9,4.2,4.2,4.2,3.8,4.1,4.1,4,4,3,3,8,7,6,39,38,177,3,9,11,11,32,34,175,3,13,17,8,27,33,175,3,11,13,12,27,34,175,2,7,9,11,26,46,177,10,4,3,10,24,49,161,8,5,4,8,24,51,163,12,4,2,11,22,49,157,4,8,12,8,25,42,172,3,4,8,10,28,46,174,3,4,7,8,32,45,174,3,6,9,11,29,43,171,4,5,9,8,31,42,171,0
Michelle Leavitt,3.6,63,199,Michelle Leavitt,Clark County District Court,mileavitt,46%,,"Appointed to the Clark County District Court in 2002, Leavitt was retained by voters and last reelected in 2014. She is up for reelection in 2020.",3.6,3.5,3.3,3.4,3.6,3.9,3.9,4,3.5,3.6,3.6,3.8,3.6,3,2,13,11,10,30,34,193,2,14,17,6,30,32,192,2,17,20,7,24,31,191,2,16,15,10,25,32,191,3,13,14,11,23,36,190,6,10,4,14,24,42,180,7,9,4,11,27,41,179,10,7,4,15,25,40,172,4,17,11,12,20,35,187,2,14,11,11,25,36,188,3,12,10,13,27,35,189,2,11,5,15,30,36,192,3,13,11,12,27,33,188,0
Nancy Allf,4.2,85,206,Nancy Allf,Clark County District Court,naallf,77%,,Allf was elected to the Clark County District Court in 2010 and ran unopposed in 2014. She is up for reelection in 2020.,4.3,4.1,3.9,4,4.3,4.5,4.5,4.5,4.1,4.5,4.4,4.4,4.2,3,1,3,8,4,26,57,203,1,4,12,7,23,52,203,1,7,13,10,28,41,203,1,4,10,12,28,44,202,1,4,5,9,21,60,202,5,2,2,5,20,64,194,6,1,2,5,21,64,191,9,1,1,6,20,62,185,3,4,10,9,19,54,198,0,2,2,3,26,65,202,1,1,4,5,27,60,201,2,1,4,7,30,56,201,1,2,6,9,30,51,201,0
Natalie Tyrell,3.8,70,54,Natalie Tyrrell,North Las Vegas Justice Court,natyrell,76%,,"A North Las Vegas justice of the peace since 2000, Tyrrell is up for reelection in 2024.",3.8,3.8,3.6,3.7,4.1,4.2,4.2,4.2,4.1,4.2,4,3.8,4.1,5,0,7,13,4,41,35,54,0,11,9,6,33,41,54,0,11,15,9,26,38,53,0,9,11,15,26,38,53,2,4,6,10,33,45,50,2,4,4,10,30,50,49,2,4,4,8,33,48,47,2,4,4,12,27,51,48,2,4,10,6,33,45,48,2,6,6,4,27,55,48,0,4,10,10,30,46,50,0,8,16,6,28,42,50,0,4,8,6,38,44,50,0
Rebecca Burton,4.1,79,82,Rebecca Burton,Clark County Family Court,reburton,,,"Elected to Clark County Family Court in 2014, Burton previously worked as a family law attorney in private practice for more than 21 years. Burton is up for reelection in 2020.",4.4,4.1,3.9,4.1,4.2,4.4,4.2,4.4,4,4.4,4.6,3.9,4.2,4,0,5,1,4,28,63,83,1,10,6,2,26,55,81,1,11,9,10,24,45,81,0,7,7,6,26,54,82,3,8,5,5,23,58,78,10,4,2,5,19,60,73,7,5,9,5,17,57,75,14,4,0,5,24,54,69,2,9,9,9,17,54,79,0,5,4,5,22,64,81,0,3,0,3,29,66,80,2,5,14,10,27,42,79,1,4,9,5,31,51,80,0
Rebecca Kern,3.1,47,47,Rebecca Kern,Las Vegas Justice Court,rekern,,,Kern was elected to Las Vegas Justice Court in 2016. She is up for reelection in 2022.,3,2.8,2.9,2.7,3.6,3.8,3.7,3.8,3.4,3.6,3.5,3,3.5,5,6,23,23,6,15,27,45,9,28,22,2,17,22,42,7,26,24,4,15,24,43,9,29,24,4,13,20,41,7,16,5,18,16,39,41,11,11,2,20,14,41,39,11,11,7,16,16,39,39,14,12,0,21,14,40,37,7,14,18,14,9,39,41,5,11,14,11,20,39,42,7,14,16,9,20,34,41,7,27,11,16,11,27,41,7,14,14,9,26,30,40,0
Rena Hughes,3.2,42,84,Rena Hughes,Clark County Family Court,rehughes,,,"Elected to Clark County Family Court in 2014, Hughes previously worked in private practice. She is up for reelection in 2020.",3.4,3.1,2.9,3.1,3.1,3.5,3.2,3.4,3.1,2.9,3.4,3.3,3.2,4,1,20,10,10,34,26,81,0,22,20,11,21,26,81,0,25,22,12,16,25,81,0,21,17,12,26,23,81,0,23,18,15,19,26,80,13,14,5,19,24,26,70,6,22,14,10,20,28,74,17,14,5,19,22,22,64,3,23,17,13,22,23,76,0,25,20,14,19,22,79,0,18,10,11,33,28,79,0,15,12,22,28,23,78,1,16,14,18,32,19,78,1
Richard Scotti,3.4,52,230,Richard Scotti,Clark County District Court,riscotti,,,"Elected to the Clark County District Court in 2014, Scotti is up for reelection in 2020.",3.5,3.3,3,3.2,3.6,4,4,4.1,3.6,3.7,3.8,3.6,3.3,3,2,14,16,8,28,31,221,1,18,18,9,22,31,222,2,23,21,9,18,27,220,2,18,22,8,23,27,219,4,15,9,12,23,37,214,12,7,3,12,27,39,192,11,7,4,11,26,40,194,15,5,2,14,25,39,188,5,13,14,9,22,37,212,3,14,9,9,29,36,214,3,9,10,13,30,36,214,5,8,13,16,29,30,211,5,14,18,14,22,27,210,0
Rob Bare,3.8,67,261,Rob Bare,Clark County District Court,robare,80%,,Bare was elected to the Clark County District Court in 2010 and was reelected in 2014. He is up for reelection in 2020.,4,3.7,3.4,3.6,4.1,4.3,4.3,4.3,3.8,4.3,4.2,3.8,4,3,1,4,13,9,27,46,256,1,8,20,9,22,40,255,1,14,21,11,20,34,253,0,8,20,12,25,36,255,1,7,9,9,21,53,250,10,2,2,12,24,51,227,10,3,5,8,24,51,228,12,2,2,12,22,51,223,3,10,12,11,20,44,246,0,3,6,8,25,57,252,0,2,7,13,27,51,252,1,6,11,17,23,41,249,1,5,10,11,30,43,251,0
Robert Teuton,4,79,58,Robert Teuton,Clark County Family Court,roteuton,81%,,"Appointed in 2008 to Clark County Family Court, Teuton previously worked in various roles in the Juvenile Court division since 1988. He is up for reelection in 2020.",4,3.9,3.9,4,4.2,4.3,4.3,4.4,4,4.3,4.2,3.8,4.1,4,3,8,10,2,32,44,57,5,9,14,3,22,47,55,5,9,14,3,24,45,55,5,9,7,7,28,44,54,4,4,9,5,25,54,54,4,4,4,5,31,53,53,2,2,6,6,32,53,52,6,4,2,6,30,54,51,2,8,8,8,28,47,52,2,4,6,2,35,52,53,2,4,6,2,39,48,53,2,4,19,9,28,39,53,4,4,6,7,37,43,52,0
Rodney Burr,4.5,95,39,Rodney Burr,Henderson Municipal Court,roburr,90%,then a Henderson justice of the peace,"Burr was appointed to the Henderson Municipal Court in 2016 after the death of Diana Hampton. He ran unopposed in 2017, and he is up for reelection in 2024.",4.6,4.6,4.5,4.5,4.6,4.6,4.7,4.6,4.6,4.6,4.5,4.5,4.7,6,3,5,0,3,16,74,37,0,5,0,3,18,74,38,0,5,0,5,21,68,38,0,3,3,3,28,64,36,0,5,0,3,11,81,37,0,5,0,3,8,84,37,0,3,0,3,11,83,36,3,5,0,3,13,76,37,0,6,0,3,17,75,36,0,5,0,3,11,82,38,0,8,0,3,11,78,37,0,5,3,5,8,78,37,0,3,0,3,11,83,36,0
Ron Israel,3.2,46,245,Ron Israel,Clark County District Court,roisrael,61%,,Israel was elected to the Clark County District Court in 2010 and was reelected in 2014. He is up for reelection in 2020.,3.1,2.9,2.8,2.9,3.4,4,4,4,3.3,3.1,3.3,3.4,3.3,3,0,17,21,15,32,15,242,0,21,25,12,26,17,239,0,23,23,12,27,14,239,0,19,23,17,27,14,239,2,11,14,18,29,26,234,11,5,3,13,32,37,211,9,6,4,15,29,37,216,13,4,3,15,29,36,208,5,15,14,18,23,26,226,0,18,18,16,28,20,237,1,10,19,20,33,16,236,2,8,15,22,37,16,233,1,10,18,21,32,18,236,0
Ron Parraguirre,3.9,77,152,Ron Parraguirre,Nevada Supreme Court,roparraguirre,80%,,"Elected to the state Supreme Court in 2004, Parraguirre previously served as a Las Vegas municipal judge and Clark County district judge. He is up for reelection in 2022.",3.8,3.8,3.7,3.8,4,4.2,4.2,4.2,3.9,4.2,,,,1,10,5,9,13,36,27,135,10,7,10,11,31,31,136,9,7,11,14,29,30,134,10,7,10,13,30,30,136,10,4,6,9,34,37,134,14,5,2,11,26,43,128,13,4,3,9,28,42,129,16,4,2,10,28,41,125,12,5,6,13,29,35,129,10,4,4,6,29,47,133,,,,,,,,,,,,,,,,,,,,,,0
Sam Bateman,4.5,93,67,Sam Bateman,Henderson Justice Court,sabateman,,,Former Henderson City Councilman Sam Bateman was elected to the Henderson Justice Court in 2016. He is up for reelection in 2022.,4.5,4.5,4.4,4.4,4.5,4.6,4.6,4.6,4.4,4.6,4.5,4.5,4.5,5,3,3,1,1,28,63,65,3,2,5,3,26,62,64,5,5,3,3,24,61,63,3,3,5,3,25,62,63,0,5,3,2,21,70,66,0,3,2,2,23,70,64,0,2,2,2,23,72,65,2,3,0,3,21,71,65,0,5,6,3,17,70,66,0,3,0,2,23,72,65,0,3,2,2,26,68,66,3,3,0,3,26,65,64,3,2,2,5,26,64,64,0
Sandra Pomrenze,3,28,97,Sandra Pomrenze,Clark County Family Court,sapomrenze,47%,,"First elected to Clark County Family Court in 2004, Pomrenze previously worked as an attorney in private practice. She is up for reelection in 2020.",3,2.6,2.8,2.9,3,3.4,3.2,3.6,2.7,2.4,3.3,3.2,2.8,4,1,21,21,7,34,16,95,1,23,34,12,20,11,94,1,21,24,19,22,13,94,2,19,25,16,25,13,93,4,17,23,17,21,17,90,13,11,10,17,32,17,80,11,14,14,13,30,18,81,17,9,2,20,34,18,76,2,25,25,17,17,14,91,1,28,37,11,12,12,93,1,14,13,20,38,14,92,2,14,15,17,41,11,91,1,18,27,18,26,10,92,0
Sean Hoeffgen,3.1,41,29,Sean Hoeffgen,North Las Vegas Municipal Court,sehoeffgen,66%,,"First elected to the North Las Vegas Municipal Court in 2005, Hoeffgen is up for reelection in 2022.",3.2,2.7,2.5,2.9,3.1,3.2,3.2,3.3,2.9,2.9,3.2,3.3,3.3,6,0,28,3,7,45,17,29,0,32,18,11,25,14,28,0,36,21,11,18,14,28,0,32,7,21,18,21,28,0,32,7,14,14,32,28,4,25,7,14,25,25,27,4,25,7,14,25,25,27,7,18,11,18,18,29,26,0,25,25,11,18,21,28,0,29,18,14,11,29,28,0,25,7,14,29,25,28,0,18,4,32,21,25,28,0,21,11,18,21,29,28,1
Stefany Miley,3.7,65,198,Stefany Miley,Clark County District Court,stmiley,62%,,"First elected in 2004 to Clark County Family Court, Miley was elected to District Court in 2008 and again in 2014. She is up for reelection in 2020.",3.6,3.5,3.4,3.5,3.8,4.1,4.1,4.2,3.6,4,3.8,3.8,3.7,3,2,9,15,8,41,26,191,1,14,16,8,31,30,190,2,16,19,6,30,28,190,1,10,19,9,32,30,191,2,10,10,8,32,38,188,7,5,5,10,31,43,177,6,5,4,11,31,43,178,9,4,3,10,32,42,170,4,13,12,10,25,37,182,1,6,6,11,36,40,188,1,6,12,12,33,37,187,2,6,9,14,39,30,187,1,6,13,13,35,32,185,0
Stephen George,4.5,92,62,Stephen George,Henderson Justice Court,stgeorge,91%,,"First elected to the Henderson Justice Court in 2000, George is up for reelection in 2020.",4.5,4.4,4.4,4.5,4.5,4.6,4.6,4.6,4.5,4.7,4.8,4.6,4.7,5,0,2,3,3,30,62,61,0,2,5,2,32,59,59,2,2,5,5,29,58,58,0,0,3,2,36,59,58,0,4,4,4,18,72,57,4,2,2,4,18,72,55,5,2,4,2,16,72,54,5,2,4,0,18,71,53,0,0,9,0,18,73,55,0,4,0,0,12,84,57,0,2,0,0,18,81,57,0,2,2,5,21,70,57,0,2,0,4,16,79,57,0
Susan Johnson,3.8,68,244,Susan Johnson,Clark County District Court,sujohnson,71%,,Johnson was first elected to the Clark County District Court in 2006 and was reelected in 2014. She is up for reelection in 2020.,3.9,3.7,3.6,3.7,3.8,4.1,4.1,4.1,3.7,3.7,4,3.9,3.8,3,0,8,12,7,26,47,240,0,12,15,7,23,43,239,0,14,18,6,23,39,238,0,10,15,8,27,40,239,0,11,12,9,23,45,237,8,7,6,11,20,48,216,8,6,6,13,22,46,216,12,5,4,11,22,45,208,3,11,13,11,19,42,231,0,13,13,7,25,42,237,0,5,8,11,30,45,235,2,7,9,13,25,44,231,1,11,9,10,28,41,234,0
Susan Roger,3.8,65,46,Susan Roger,Las Vegas Municipal Court,suroger,76%,,"First elected to the Las Vegas Municipal Court in 2011, Roger was reelected in 2017. She is up for reelection in 2023.",3.7,3.6,3.6,3.7,3.8,4,4,4.2,3.7,3.9,3.9,4.1,3.9,6,2,14,10,12,12,49,48,0,21,9,6,13,51,47,0,20,13,7,13,48,46,0,15,15,9,11,51,47,0,20,4,11,11,54,46,2,11,2,15,13,57,45,2,11,2,16,11,58,44,7,9,0,17,9,59,43,0,20,9,9,9,53,45,0,15,4,13,11,57,46,0,18,4,4,20,53,45,0,13,2,9,16,60,45,0,17,4,7,17,54,46,0
Suzan Baucum,3.5,54,72,Suzan Baucum,Las Vegas Justice Court,subaucum,68%,,"Elected in 2010 to Las Vegas Justice Court, Baucum is up for reelection in 2020.",3.6,3.3,3.3,3.4,3.5,3.8,4,3.9,3.3,3.7,3.7,3.9,3.8,5,1,13,19,7,19,41,69,0,14,29,7,10,39,69,0,15,28,12,7,38,68,1,13,19,18,10,38,67,0,14,23,11,11,42,66,3,8,13,9,27,41,62,3,8,8,9,28,44,62,5,8,9,9,28,42,62,0,18,26,8,6,42,65,0,9,18,11,15,46,65,0,9,17,14,14,46,65,0,8,20,3,11,58,65,0,9,17,8,14,52,64,0
Tierra Jones,4.1,80,190,Tierra Jones,Clark County District Court,tijones,,,"Appointed to the Clark County District Court in 2017, Jones was retained by voters in 2018. She is up for reelection in 2020.",4.2,4,3.9,4,4.2,4.4,4.4,4.4,4,4.1,4.3,4.3,4.1,3,3,6,6,6,25,54,184,2,8,9,8,23,50,185,1,11,11,6,23,48,184,1,8,11,5,28,47,182,2,6,6,8,23,55,180,7,5,2,7,21,58,171,8,3,3,8,19,60,168,11,3,1,8,20,57,164,4,8,9,6,21,51,176,1,7,7,8,24,54,181,1,5,4,7,25,59,183,1,3,5,7,27,58,183,2,5,10,5,27,51,182,0
Timothy Williams,4.4,90,231,Timothy Williams,Clark County District Court,tiwilliams,84%,,"Appointed to the Clark County District Court in 2006, Williams was retained by voters and last reelected in 2014. He is up for reelection in 2020.",4.4,4.3,4.1,4.3,4.4,4.7,4.6,4.7,4.1,4.6,4.6,4.4,4.5,3,0,1,5,5,26,62,226,0,3,8,6,22,60,226,0,5,8,9,24,52,226,0,2,8,6,26,58,224,1,2,6,8,22,61,222,6,1,1,2,21,69,213,7,0,1,4,20,68,211,10,0,1,4,18,67,204,4,7,9,7,18,55,219,0,1,1,2,24,71,225,0,0,1,3,28,67,226,1,1,3,9,26,60,221,0,0,4,5,29,61,227,0
Valerie Adair,4,81,161,Valerie Adair,Clark County District Court,vaadair,78%,,Adair was first elected to the Clark County District Court in 2002 and was last reelected in 2014. She is up for reelection in 2020.,4.1,3.9,3.8,3.8,4.1,4.3,4.3,4.3,3.9,3.9,4.1,4,3.9,3,1,3,8,7,39,43,159,1,6,11,9,37,36,158,1,7,11,12,33,36,157,1,7,12,12,35,33,158,1,3,8,9,34,46,156,4,3,2,9,32,51,152,5,2,2,9,34,48,149,9,2,2,9,30,48,144,4,4,15,9,28,40,152,1,6,12,9,28,43,156,1,5,5,8,39,43,153,1,3,10,9,38,40,156,1,5,10,11,34,39,156,0
Vincent Ochoa,3.3,52,92,Vincent Ochoa,Clark County Family Court,viochoa,64%,,"First elected to Clark County Family Court in 2014, Ochoa previously practiced family law for 31 years in Las Vegas and Reno. He is up for reelection in 2020.",2.9,3,3,3.1,3.5,3.9,3.6,3.9,3.5,3.8,3.3,3.4,3.6,4,0,16,32,17,18,17,88,1,14,29,17,24,15,86,2,15,27,16,25,15,86,1,16,19,19,28,16,87,4,8,14,18,31,26,82,11,5,4,17,35,30,75,6,8,13,12,33,27,79,14,5,2,19,32,27,72,4,11,15,13,32,25,81,1,8,9,11,41,29,84,4,8,21,18,28,21,82,1,10,13,25,33,18,83,2,6,13,15,42,21,82,0
William Kephart,3.5,55,197,William Kephart,Clark County District Court,wikephart,69%,then a Las Vegas justice of the peace,Kephart was elected to the Clark County District Court in 2014 after serving as a Las Vegas justice of the peace. He is up for reelection in 2020.,3.5,3.3,3.1,3.2,3.4,3.7,3.8,3.8,3.3,3.4,3.7,3.7,3.5,3,1,11,15,12,34,28,195,1,15,20,15,23,26,194,0,19,25,12,18,26,194,1,15,21,18,20,26,192,2,15,14,13,26,30,191,8,10,11,14,19,37,179,7,9,8,17,22,37,181,12,9,5,16,20,38,170,4,17,16,11,19,32,187,1,13,19,15,23,29,194,1,7,11,17,28,36,193,4,8,7,18,31,32,188,2,13,13,16,27,30,192,1
William Potter,3.2,44,91,William Potter,Clark County Family Court,wipotter,59%,,"Elected to Clark County Family Court in 2006, Potter previously worked as an attorney in private practice for 10 years. The Henderson native is up for reelection in 2020.",3.5,3.2,3.1,3.2,3.1,3.7,3.3,3.5,3.1,2.4,3.4,3.7,2.9,4,1,12,10,9,48,20,89,1,18,14,18,29,20,89,1,18,18,18,28,18,89,2,17,13,20,29,18,87,1,20,16,9,35,18,87,7,9,7,15,33,29,81,7,17,13,15,23,26,82,12,13,6,19,24,27,76,5,19,23,10,19,24,84,0,38,19,18,16,9,88,1,15,10,14,41,19,87,2,9,6,15,43,25,85,2,21,18,17,31,10,85,1
William Voy,3.6,80,56,William Voy,Clark County Family Court,wivoy,72%,,"Appointed in 1998 to Clark County Family Court, Voy previously spent 10 years in private practice in Las Vegas. Voy is up for reelection in 2020.",3.6,3.9,3.6,3.6,4,4.1,4,4.1,3.8,3.9,4,3.2,4,4,4,15,11,7,25,38,53,4,13,7,6,24,46,52,4,13,13,9,26,35,52,4,13,11,11,28,33,52,4,10,6,8,29,44,50,6,10,4,4,31,46,49,6,10,2,8,29,45,48,6,10,2,2,33,48,49,4,12,4,12,31,38,50,4,10,6,8,31,42,50,4,10,4,4,37,41,49,6,24,12,6,22,30,47,4,10,4,6,33,43,49,0